;able;nakho uku;;;;
;about;nga;;;;
;accept;-amkela;;;;
;accommodate;-hlalisa;;;;
;accommodation;indawo yokuhlala;;;;
;ache;-qaqamba;;;;
;address;idilesi ; i-adilesi;;;
;adult;umntu omdala;;;;
;advise;-cebisa;;;;
;Afrikaans;isiBhulu;;;;
;after (adv.);mva;;;;
;after (prep.);emva koko;;;;
;afternoon;emva kwemini;;;;
;again;kwakhona;;;;
;age;ukudala;;;;
;agree;vuma;;;;
;ahead;phambili;;;;
wind;air;umoya;;;;
;all;-onke;;;;
;all of you;nonke;;;;
;all right;kulungile;;;;
;all the time;lonke ixesha;;;;
;allow;vumela;;;;
;also;kanjalo;;;;
;always;onke amaxesha;qho;;;
;and;na / ne / no;;;;
;anger;ingqumbo;;;;x
;angry;-qumbile;;;;
;animal;isilo;;;;
;another;-nye;;;;
;answer (v.);phendula;;;;
;answer (n.);impendulo;;;;x
;anxious;-nexhala;;;;
;any time;naninina;;;;
;anybody;nabani;;;;
;anything;nayiphina into;;;;
;anywhere;naphina;;;;
;apple;i-apile;;;;
;appointment;idinga;;;;
go near;approach;sondela;;;;
;area;ummandla;;;;
;arm ;ingalo;;;;
;arrival;-fika;;;;
;arrive;ukufika;;;;
;ask (question);-buza;;;;
request;ask for;-cela;;;;
;assist;nceda;;;;
;autumn;ukwindla;;;;
;baboon;imfene;;;;
;baby;usana;;;;
;back (n);umqolo;;;;
;bad;-bi;;;;
;bag;ingxowa;;;;
;bank;ibhanki;;;;
;bargain;isisulu;;;;
;bathroom;ibhafrum ;igumbi lokuhlambela;;;
;battery;ibhetri;;;;
;be;-ba;;;;
;beach;unxweme;ibhitshi;;;
hit;beat;-bhetha;;;;
;beautiful;-hle;;;;
;because (conj);kuba;;;;
;because of;ngenxa ya-;;;;
;bed;ibhedi;;;;
;bee;inyosi;;;;
;beef;inyama yenkomo;;;;
;beer;utywala;;;;
;before (adv);ngaphambili;;;;
;before (prep);phambi kwa-;;;;
;beggar;umnqibi;;;;
;begin;-qala;;;;
;beginning;isiqalo;;;;
;behind;ngemva kwa-;;;;
;better;-bhetele;-ngcono;;;
;better than;ngcono kuna-;;;;
;between;phakathi kwa-;;;;
;beverage;isiselo;;;;
;Bible;ibhayibhile;;;;
;bicycle;ibhayisekile;;;;
;bin;umgqomo;;;;x
;bird;intaka;;;;
;birthday;umhla wokuzalwa;;;;
;bite;-luma;;;;
;bitter;-krakra;;;;
;black;-mnyama;;;;
;bladder;ininyi;;;;
;bleed;-opha;;;;
;bleeding;ukopha;;;;
;blood;igazi;;;;
;bless;sikelela;;;;
;bless you!;ukhule;;;;
;blouse;ibhlawuzi;;;;
;blue;-luhlaza;-blowu;;;
;blunt;-bhutunthu;;;;
;body;umzimba;;;;
;boil;bila;;;;
;boil (v.trans);bilisa;;;;
;bone;ithambo;;;;
;book;incwadi;;;;
;born;-zalwa;;;;
;born at;-zalelwa;;;;
;borrow;-boleka;;;;
;bottle;ibhotile;;;;
;box;ibokisi;;;;
;boy;inkwenkwe;;;;
;brake;-breki;;;;
;branch;isebe;;;;
;brave;nesibindi;;;;
;bread;isonka;;;;
;break;-aphuka;;;;
;broken (down);-aphukile;;;;
;break in;-qhekeza;;;;
;broken into;-qhekezela;;;;
;breakfast;iblakfesi;isidlo sakusasa;;;
;breast;ibele;;;;
;bring (intrans);-zisa;;;;
;bring (trans);-zisela;;;;
;brother;ubhuti;;;;
;brown;-ntsundu;;;;
;bucket;i-emele;;;;
;buffalo;inyathi;;;;
;build;-akha;;;;
;building;isakhiwo;;;;
;burgled;-qhekezelwa;;;;
;burn;-tsha;;;;
;burst;-gqabhuka;;;;
;bus;ibhasi;;;;
;bus stop;isitophu sebhasi;;;;
;bush;ityolo;;;;x
;business;ishishini;;;;
;business person;usomashishini;;;;x
;busy;-xaxekile;;;;
;but;kodwa;;;;
;butter;ibhotolo;;;;
;buy;-thenga;;;;
;cake;ikheyiki;;;;
;call;-biza;;;;
;camera;ikhamera;;;;
;can;-nakho uku-;;;;
;can (tin);itoti;;;;
;car;imoto;;;;
;by car;ngemoto;;;;
;card;ikardhi;;;;
;careful;lumka;;;;
;carry;-phatha;;;;
;carry for someone;ziphatela;;;;x
;cash;ikheshi;imali esesandleni;;;x
;cat;ikati;;;;
;catch;-bamba;;;;
;cattle ;iinkomo;;;;
;celebrate;-bhiyozela;;;;
;centre;umbindi;;;;x
;at the centre;embindini;;;;
;certainly;ngokuqinisekileyo;;;;x
;certificate;isiqinisekiso;;;;
;chair;isitulo;;;;
;chance;ithuba;;;;
;by chance;ngebhaqo;;;;
;charcoal;ilahle lomthi;;;;
;cheap;-tshiphu;ixasbiso liphantsi;;;
;check (v);-khangela;;;;
;cheese;isonka samasi;itshizi;;;
;chest;isifuba;;;;
;chicken;inkukhu;;;;
;chief;inkosi;;;;
;chieftainess;ikosikazi;;;;
;child;umntwana;;;;
;choose;-khetha;;;;
;Christmas;iKrismesi;;;;x
;church;iCawa;;;;
;cigarette;isigarethi;;;;
;city;isixeko;;;;
;clan name;isiduko;;;;
;clean;-cocekile;;;;
;clear (v);-zola;;;;
;clear (adj);-zolile;;;;
;clinic;ikliniki;;;;
;clock;iwotshi enkulu;;;;
;close;vala;;;;
;closed;valiwe;;;;
;cloth;ilaphu;;;;
;clothes;impahla;;;;
;cloud (n);ilifu;;;;
;cloudy;-sibekele;;;;
;coast;unxweme;;;;
;coat;idyasi;;;;
;coffee;iKofu;;;;
;cold (weather) (v);-banda;;;;
;cold (person) (v);-godola;;;;
;cold (adj);-bandayo;;;;
;cold (flu);ubushushu;umkhuhlane;;;
;colour;ibala;umbala;;;
;comb (n);ikama;;;;
;come;-za;;;;
;come back;-buya;;;;
;come back to;-buyela;;;;
;come in;-ngena;;;;
;come to an end;-phela;;;;
;comfortable;-khululekile;;;;
;community;uluntu;;;;
;company;inkampani;;;;x
;competition;ukuphiswano;;;;
;complain;khalaza;;;;x
;complaint;isikhalazo;;;;
;comrade;iqabane;;;;
;condition (of road);imeko;;;;
;condom;i-khondom;isingxotyana sencanca;;;x
;congratulate;-vuyisana na-;;;;
;congratulations!;halala!;huntshu!;;;
;contact (v);-qhakamshelana na-;;;;
;continent;ilizwekazi;isithabakazi;;;x
;covnerstation;incoko;;;;
;cook (v.);-pheka;;;;
;cook (n.);umpheki;;;;
;cool;-pholile;;;;
;cooldrink;isiselo;;;;
;corner;ikona;;;;
;cost (v.);-dla;;;;
;cough (v.);-khohlela;;;;
;count (v.);-bala;;;;
;country;ilizwe;;;;
;cow;inkomo;;;;
;crime;ulwaphulo-mthetho;;;;
;crocodile;ingwenya;;;;
;cross (v.);-wela;;;;
;cry (v.);-khala;-lila;;;
;cultivate;-lima;;;;
;cup;-komityi;;;;
;cupboard;ikhabhathi;;;;x
;custom;isiko;;;;
;customer;umxhasi;;;;
;cut (v.);-sika;;;;
;damage (n.);imonakalo;;;;
;danger;ingozi;;;;
;dangerous;-nengozi;;;;
;dark;-mdaka;;;;
;date (n.);umhla;;;;
;daughter;intombi;;;;
;day;imini;;;;
;during the day;emini;;;;
;every day;yonke imihla ;;;;
;the whole day;imini yonke;;;;
;= 24hour period;usuku;;;;
;deep;-nzulu;;;;
;dentist;ugqirha wamazinyo;;;;
;department;isebe;;;;
;desk;idesika;;;;
;detergent;isicocisi;;;;
;diarrhoea;urhudo;isisu esihambisayo;;;
;die;-goduka;-bhubha;-sweleka;-fa;
;difference;umahluko;;;;
;it makes no difference;ayinasebenzi;;;;
;difficult;-nzima;;;;
;dinner;idinala;isidlo sangokuhlwa;;;
;direct (v.);.-alathisa e-/kwa-;;;;x
;direction;icala;;;;
;dirty;-mdaka;;;;
;disapointed;-danile;;;;
;disease;isifo;isigulo;;;
;dish;isitya;;;;
;do;-enza;;;;
;doctor;ugqirha;;;;
;dog;inja;;;;
;door;ucango;;;;
;down (adv.);phantsi;;;;
;dress (n.);ilokhwe;;;;
;drink (cold) (v.);-sela;;;;
;drink (warm) (v.);-phunga;;;;
;drink (n.);isielo;;;;
;drinkable;-seleka;;;;
;drive (v.);-qhuba;;;;
;driver;umqhubi;;;;
;drought;imbalela;;;;
;drug (n.);isiyobisi;;;;
;dry;-omile;;;;
;dysentery;isisu segazi;;;;
;ear;indlebe;;;;
;early;-kusasa;;;;
;east;impumalanga;;;;
;easy;-lula;;;;
;eat (v.);-tya;;;;
;education;imfundo;;;;
;egg;iqanda;;;;
;eight;isibhozo;;;;
;elbow;ingqiniba;;;;
;electricity;umbane;;;;
;elephant;indlovu;;;;
;empty;-ze;;;;
;English;isiNgesi;;;;
;enough;-anele;;;;
;entrance;isango;;;;
;envelope;imvulophu;;;;
;especially;ngakumbi;;;;
;etectera (etc.);njalo njalo (njl. njl.);;;;
;evening;ukuhlwa;;;;
;in the evening;ngokuhlwa;;;;
;everybody;wonke umntu;;;;x
;everything;yonke into;;;;x
;everywhere;kule lonke;;;;
;exact;-the ngqo;;;;
;the exact date;umhla othe ngqo;;;;
;example;umzekelo;;;;
;except for;ngaphandle kwa-;;;;
;excited;-nemincili;;;;
;excuse me!;uxolo;;;;
;exit (n.);isango;indawo yokuphuma;kuphunywa apha;;
;expensive;-dulu;;;;
;eye;iliso;;;;
;face (n.);ubuso;;;;
;factory;ifektri;ishishini;;;
;family;usapho;;;;
;far;-kude;;;;
;farmer;umlimi;;;;
;fat (n.);amafutha;;;;
;fat (adj.);-tyebile;;;;
;father;utata;ubawo;;;
;feel (v.);-va;;;;
;fever;ubushushu;umkhuhlane;;;
;few;-mbalwa;;;;
;fill (v.);-zalisa;;;;
;finally;ekuqibeleni;;;;
;find (v.);-fumana;;;;
;found;-fumaneka;;;;
;finger;umnwe;;;;
;fire (n.);umlilo;;;;
;firewood;ukhuni;;;;x
;first;-okuqala;;;;
;first aid;uncedo lokuqala;;;;x
;first-aid kit;izixhobo zoncedo lokuqala;;;;x
;firstly;kuqala;;;;
;fish (v.);.-loba;;;;x
;fish (n.);intlanzi;;;;
;five;-hlanu;;;;
;flat tyre;ivili elingenomoya;;;;
;flat battery;ibhetri efleti;;;;
;floor;umgangatho;;;;
;flower (n.);intyatyambo;;;;x
;fog;-inkungu;;;;
;follow;-landela;;;;
;food;ukutya;;;;
;foot;unywo;;;;
;for;nga-;;;;
;forehead;ibunzi;;;;x
;foreigner;umntu wasemzini;;;;
;forest;ihlathi;;;;
;forget;-libala;;;;
;fork (n.);-libele;;;;
;form (n.);ifoma;;;;
;four;-ne;;;;
;free;-khululekile;;;;
;French;isiFrentshi;;;;
;fresh;-tsha;;;;
;friend;umhlobo;;;;
;from X yo Y;ukusuka eX esiya eY;;;;
;(in) front of (adv.);ngaphambili;;;;
;in fron of (prep.);phambi kwa-;;;;
;fruit;isiqhamo;;;;
;dried fruit;iziqhamo ezomileyo;;;;x
;full;-zele;;;;
;furniture;ifenitsha;;;;x
;garage;igaraji;;;;
;garden (n.);igadi;;;;
;garlic;ikonofile;;;;
;garments;impahla;;;;
;knitted garments;impahla enithiweyo;;;;
;gas;igesi;;;;
;petrol;ipetroli;;;;
;gate;isango;;;;
;general store;ivenkile;;;;
;genetleman;inene;;;;
;German (lang.);isiJamani;;;;
;German (person);iJamani;;;;
;get;-fumana;;;;
down;get off;-hla;;;;
;get on;-khwela;;;;
;gift;isipho;;;;
;girl;intombi;;;;
;little girl;intobazana;;;;
;give;-pha;.-nika;;;x
;give a lift;-khwelisa;;;;
;give regards to;bulisela ku-;;;;
;glad;-vuya;;;;
;glass;iglasi;;;;
;sepctacles;iindondo;;;;
walk;go;hamba;;;;
towards;go to;-ya;-singisa;;;
;go home;-goduka;;;;
;go to school;-hamba isikolo;;;;
;go out;-phuma;;;;
;goat;iblokhwe;;;;
;God;uThixo;;;;
;good;-lungile;;;;
;government;urhulumente;;;;
;grandchild;umzukulwana;;;;
;grandfather;utat' omkhulu;;;;
;grandmother;umakhulu;;;;
;grass;ingca;;;;
;gravel;igrabile;;;;
;gravel road;indlela yegrabile;;;;
;green;-luhlaza;;;;
;grey;-ngwevu;;;;
;grow;-khula;;;;
;gaurantee (n.);isiqinisekiso;;;;
;guest;undwendwe;;;;x
;hair;unwele;;;;
;half;icala la-;;;;
;half (the fraction);isigqingatha;;;;x
;half past one (it is);yi-haf pas 1;;;;
;at half past;nge-haf pas 1;;;;x
;hand (n.);isandla;;;;
;happen;-enzeka;;;;
;happy;-onwabile;;;;
;harbour;izibuko;;;;
;hat;umnqwazi;;;;
;head;intloko;;;;
;hear;-va;;;;
;heart;intliziyo;;;;
;hearth;iziko;;;;
;heat (n.);ubushushu;;;;
;heavy;-nzima;;;;
;help (n.);uncedo;;;;x
;help (v.);-nceda;;;;
;here;apha;;;;
;high;-phakamileyo;;;;
;hire a car;-qesha imoto;;;;
;holiday;ikhefu;;;;
;I am on holiday;ndisekhefini;;;;
;home;ikhaya;;;;
;at home;ekhaya;;;;
;homestead;umzi;;;;
;honey;ubusi;;;;
;hope (v.);-themba;;;;
;hope (n.);ithemba;;;;
;horse;ihashe;;;;
;hospital;isibhedlele;;;;
;hostel;ihostele;;;;
;hot;-shushu;;;;
;hotel;ihotele;;;;
;hour;iyure;;;;
;per hour;ngeyure;;;;
;house;indle;;;;
;how?;njani?;;;;
;how about….?;kunjani?;;;;
;how is it?;kunjani?;;;;
;how long (in time)?;-ngakanani;;;;
;how many?;-ngaphi;;;;
;humid;-fumile;;;;
;hungry;-lambile;;;;
;hungry, become;-lamba;;;;
;hunt (v.);-zingela;;;;
;hurry up;-khawuleza;;;;
;hurry (be in a);-ngxamile;;;;
;hurt;-enzakele;;;;
;hurt (become);-enzakala;;;;
;husband;umyeni;;;;
;hut;indlwana;;;;
;hyena;ingcuka;;;;x
;I ;ndi-;;;;
;I (myself);mna;;;;
;if;ukuba;;;;
;ill;-gula;;;;
;illness;isifo;isigulo;;;
;immediately;kwangoko;;;;
;impala;impala;;;;
;important;-balulekile;;;;
;impressed;-thabathekile;;;;
;indeed!;inene;;;;
;indiginous;-elo zwe;;;;
;influenza;ubushushu;umkhuhlane;;;
;information;isaziso;;;;
;initials;oonobumba bokuqala bagama;;;;
;injection (medical);inaliti kaqirha;;;;
;injured;-enzakele;;;;
;innocent;-msulwa;;;;
;insect;isinambuzane;;;;
;insect spray;izibulala-zinambuzane;;;;
;inside (adv.);ngaphakathi;;;;
;inside (prep.);phakathi kwa-;;;;
;instead of;endaweni ya-;;;;
;interest (n.);umdla;;;;
;interesting;-nomdla;;;;
;interpreter;itoliki;;;;
;intersection;isiphambhuka;;;;x
;introduce;-azisa;;;;
;jackle;idyakhalashe;;;;
;jacket;ibhatyi;;;;
;jam;ijem;;;;
;job;umsebenzi;;;;
;join in;-ngenelela;;;;
;jounrey;uhambo;;;;
;juice;incindi;;;;x
;keep calm!;zola!;;;;
;kerosine;iparafini;;;;
;key;isitshixo;;;;
;kill (v.);-bulala;;;;
;killed;-bulawa;;;;
;kilometre;ikilomitha;;;;
;kind (sort) (n.);uhlobo;;;;
;kind (adj.);-nobubele;;;;
;kindness;ububele;;;;
;kitchen;ikitshi;;;;
;in the kitchen;ekitshini;;;;
;knee;idolo;;;;
;knife;imela;;;;
;know;-azi;;;;
;knowledge;ulwazi;;;;
;kudu;qudu;;;;
wife;lady;inkosikazi;;;;
;ladies!;amanenekazi;;;;
;lamp;isibane;;;;
;language;ulwimi;;;;
;regional languages;iilwimi zenqela;;;;x
;large;-khulu;;;;
;last;-phelileyo;,-okugqibela;;;
;at last;ekugqibeleni;;;;x
;late (adj.);-leyithi;;;;
;late (adv.);kade;;;;x
;later;mva;;;;
;laugh (v.);-hleka;;;;
;lawyer;igqwetha;;;;
;learn;-funda;;;;
;leave (v.) (intrans.);-hamba;;;;
;leave (v.) (trans.);.-shiya;;;;x
;left (adj.);-asekhohlo;;;;
;leg;umlenze;;;;
;lemon;ilamuni;;;;
;lend;-boleka;;;;
;leapord;ingwe;;;;
;lesson;isifundo;;;;
;letter;incwadi;;;;
;library;ilayibri;;;;
;life;ubomi;;;;
;light (v.);-basa;;;;
;light (n.);isibane;;;;
;lights (of car);izibane;;;;
;light (weight);-lula;-khaphukhaphu;;;
;like (v.);-thanda;;;;
;like (prep.);-njenga;;;;
;lion;ingonyama;;;;
;lip;umlebe;;;;
;liquor;utywala;;;;
;little ;-ncinci;;;;
;"live; stay";-hlala;;;;
;liver;isibindi;;;;
;long;-de;;;;
;long ago;kudala;;;;
;look;-khangela;jonga;;;
;look nice/ devlicious;-jongeka mnandi;;;;
;lost;-lahlekile;;;;
;lost, become;-lahleka;;;;
;love (v.);-thanda;;;;
;love (n.);uthando;;;;
;luck;ithamsanqa;;;;
;luckily;ngethamsanqa;;;;
;luggage;impahla;;;;
;lukewarm;-dikidiki;;;;
;lunch (n.);isidlo sasemini;;;;
;machine;umatshini;;;;
;madam!;(u)Nkosikazi;;;;
;maize;umbona;;;;
;make (v.);-enza;;;;
;man;indoda;;;;
;manger;umphathi;;;;
;many;-ninzi;;;;
;map (n.);imephu;;;;
;market-place;imarike;;;;
;marry;-tshatha;;;;
;married;-tshatile;;;;
;match (n.);umatshisi;;;;
;material (dress);ilaphu;;;;
;maybe;ingaba;mhlawumbi;;;
;meal;isidlo;;;;
;mean;-thetha;;;;
;medicine;iyeza;;;;
;meet (v.);-dibanan na;-hlangana na;;;
;message;umyalezo;;;;
;midday;-imini emaqanda;;;;
;midnight;ezinzulwini zobusuku;;;;
;milk;ubisi;;;;
;minute (n.);umzuzu;;;;
;mirror (n.);isipili;;;;
;misfortune;ilishwa;;;;
;Miss;uNkosazana;;;;
;mist;inkungu;;;;
;mistake;impazamo;;;;
;by mistake;ngepazamo;;;;
;mistaken;phazama;;;;
;moment;umzuzwana;;;;
;money;imali;;;;
;monkey;inkawu;;;;
month;moon;inyanga;;;;
;more than;ngaphezu kwa-;;;;
;morning;intsasa;;;;
;in the morning;kusasa;;;;
;mosquito;ingcongconi;;;;
;mother;umama;;;;
;motor-bike;isithuthuthu;;;;
;mountain;intaba;;;;
;mouse;impuku;;;;
;mouth;umlomo;;;;
;move (v.);-shukumisa;;;;
;move (away);-shenxisa;;;;
;Mr;uMnumzana;;;;
;Mrs;uNkosikazi;;;;
;much;kakhulu;;;;
;mugger;umphangi;;;;
;music;umculo;;;;
;must;kufuneka;;;;
;mutton;inyama yegusha;;;;
;name (n.);igama;;;;
;narrow;-mxinwa;;;;
;nation;isizwe;;;;
;nature;indalo;;;;
;near;-futshane;;;;
;nearly;-phantse;;;;
;necessary;-funeka;;;;
;neck;intamo;;;;
;need (v.);-funa;;;;
;needle;inaliti;;;;
;neighbour;ummelwane;;;;
;nervous;-nexhala;;;;
;never mind!;ungakhatazeki;;;;
;new;-tsha;;;;
;news;iindaba;;;;
;newspaper;iphephandaba;;;;
;next;-zayo;;;;
;next to;ecaleni kwa-;;;;
;night;ubusuku;;;;
;at night;ebusuku;;;;
;last night;phezolo;;;;
;nine;ithoba;;;;
;no!;hayi;;;;
;noise;ingxolo;;;;
;normally;ngokuqhelekileyo;;;;
;north;umntla;;;;
;in the north;entla;;;;
;nose;impumlo;;;;
;note well!;qhaphela!;;;;
;nowhere;naphina;;;;
;number (n.);inombolo;;;;
;nurse (n.);umongi/ umongikazi;inesi;;;
;obtainable;fumaneka;;;;
;ocean;ulwandlekazi;;;;
;odour (pleasant);ivumba;;;;
;office;i-ofisi;;;;
;often;futhi;kaninzi;;;
;how often?;kangaphi na?;;;;
;oil (for cars/machines);i-oyili;;;;
;okay;kulungile;;;;
;old;-dala;;;;
;how old are you?;mingaphi iminyaka yakho;;;;
;once;kanye;;;;
;one;-nye;;;;
;onion;itswele;;;;
;only;khupela;qha;nje;;
;opinion;uluvo;;;;
;or;okanye;;;;
;orange;i-orenji;;;;
;order (v.);-odola;;;;
;order (n.);i-odolo;;;;
;organisation;umbutho;;;;
;ostrich;inciniba;;;;
;other;-nya;;;;
;outside;ngaphandle;;;;
;oven;i-onti;;;;
;overcast;sibekhele;;;;
;overcast, become;sibekhela;;;;
;overseas;phesheya;;;;
;owner;umnini;;;;
;packet;ipakethi;;;;
;pain (emotional);intlungu;;;;
;pains (physical);iintlungu;;;;
;pan;ipani;;;;
;pants;ibhulukhwe;;;;
;paper;iphepha;;;;
;paraffin;iparafini;;;;
;parcel;ipasili;;;;
;pardon me!;uxolo!;;;;
;parent(s);abazali;;;;
;park (car);-paka;;;;
;pass (by)(v.);-dlula;;;;
;passable;-hambeka;;;;
;pay (v.);-hlawula;;;;
;payment;intlawulo;;;;
;peace;uxolo;;;;
;pen;usiba;;;;
;pencil;ipensile;;;;
;pension;umhlalaphantsi;inkamkam;;;
;pensioner;umdlimhlalaphantsi;;;;
;people;abantu;;;;
;pepper;ipepile;;;;
;perhaps;ingaba;mhlawumbi;;;
;permission;imvume;;;;
;person;umntu;;;;
;petrol;ipetroli;;;;
;pharmacy;ikemesti;;;;
;phone;ifoni;ifowuni;umnxeba;;
;picture;umfanekiso;;;;
;pig;ihagu;;;;
;pillow;umqamelo;;;;
;place (n.);indawo;;;;
;plant;isitylo;;;;
;plastic;iplastiki;;;;
;plate;isitya;;;;
;pleasant;-mnandi;;;;
;please!;nceda!;;;;
;pleased;-vuya;;;;
;poison;ityhefu;;;;
;poisoness;-netyhefu;;;;
;policeman/-woman;ipolisa;;;;
;police station;isikhululo samapolisa;;;;
;popular;thandwa;;;;
;pork;inyama yehagu;;;;
;post office;iposi;;;;
;pot;imbiza;;;;
;potato;itapile;;;;
pour out;pour in;galela;;;;
;pregnant;-nzima;;;;
;prepare (for);lungisela;;;;
;present (adj.);,-kho(na);;;;
;president;umongameli;;;;
;price;ixabiso;;;;
;priest;umfundisi;;;;
;problem;ingxaki;;;;
;promise (v.);-thembisa;;;;
;promise (n.);ithemba;idinga;;;
;protected;khuselekile;;;;
;province;iphondo;;;;
;public;-kawonke-wonke;;;;
;public holiday;iholide kawonkewonke;;;;
;pull (v.);tsala;;;;
;pump (n.);impompo;;;;
;punctured;,-gqabhukile;;;;
;punctured wheel;ivili eligqabhukileyo;;;;
;pure;-msulwa;;;;
;purse;isipaji;;;;
;put;-galela;;;;
;put into;faka;;;;
;quarter;i-kota;;;;
;it is quarter past 6;yi-kota past 6;;;;
;question (n.);umbuzo;;;;
;quick;-khawulezayo;;;;
;quickly;ngokukhawuleza;;;;
;radiator;iradiyeyitha;;;;
;radio;unomathotholo;;;;
;railway station;isitishi sikaloliwe;;;;
;rain (v.);-na;-netha;;;
;rain (n.);imvula;;;;
;raincoat;idyasi yemvula;;;;
;rand ;iranti;;;;
;razor;ireyizara;;;;
;read (v.);-funda;;;;
;really!;inene!;;;;
cause (n.);reason;isizathu;;;;
slip;receipt;irisithi;;;;
;recently;kutsha nje;;;;
;recommend;-cebisa;-balula;;;
;red;-bomvu;;;;
;reduce the price;-hlisa ixabiso;;;;
;region;ummandla;;;;
;regularly;rhoqo;qho;;;
;reliable;-thembekileyo;;;;
;remain;-sala;;;;
;repair (v.);lungisa;;;;
;repaired;lungiswa;;;;
;repeat (v.);phinda;;;;
;report (v.);-enza ingxelo;;;;
;request (v.);-cela;;;;
;request (n.);isicelo;;;;
;resemble;-fana na-;;;;
;rest (v.);-phumla;;;;
;rice;irayisi;;;;
;rich;isityebi;;;;
;right (adj.);-asekunene;;;;
correct;right;-nyanisile;;;;
;ripe;vuthiwe;;;;
;river;umlambo;;;;
;road;indlela;;;;
;rob;-phanga;;;;
;robbery;uphango;;;;
;room;igumbi;;;;
;rope;umnxeba;intambo;;;
;rotten;-bolile;;;;
;rubbish;inkunkuma;;;;
;rugby;umbhoxo;;;;
;run out of;,-phelelwa;;;;
sorry;sad;-lusizi;;;;
;safe;akukho ngozi;-khuselekile;;;
;salt;ityuwa;;;;
;sandwich;isengwitshi;;;;
;sandy;-nomhlaba;;;;
;sausage;isoseji;;;;
;say (v.);-thi;;;;
;say (v.trans.);-tsho;;;;
;scarce;-nqabile;;;;
;school (n.);isikolo;;;;
;sea;ulwandle;;;;
;seasons;amaxesha onyaka;;;;
;security;ukhuselekilo;;;;
;see;-bona;;;;
;sell (v.);-thengisa;;;;
;set up (a tent);-misa;;;;
;seven;isixhenxe;;;;
;shade (n.);umthunzi;;;;
;shark ;ukreba;;;;
;sharp;-bukhali;;;;
;sheep;igusha;;;;
;shelter (n.);indlwana yokufaka intloko;;;;
;shirt;ihempe;;;;
;shock (n.);umothuko;;;;
;shoe;isihlangu;;;;
;shop (n.);ivenkile;;;;
;short;-futshane;;;;
;shoulder;ingxalaba;;;;
;show;-bonisa;;;;
;sick;-gula;;;;
;side;-cala;;;;
;signature;isandla;;;;
;silence!;inzwi;;;;
;since (then);ukususela;;;;
;sing (v.);-cula;;;;
;single (man);isoka;;;;
;single (woman);intombi;;;;
;sir!;(u)Mnumzana!;mhlekazi!;;;
;sister;udade;;;;
;sit;-hlala;;;;
;be seated;-hleli;;;;
;sit down;hlala phantsi;;;;
;six;-thandathu;;;;
;skin (n.);ulusu;ufele;;;
;skirt (n.);umbhinqo;;;;
;sleep (v.);-lala;;;;
;slowly;ngokucothayo;-kade;;;
;small;-ncinci;-ncinane;;;
;smell (v.);-nuka;;;;
;smoke (v.);-tshaya;;;;
;smoke (n.);umsi;;;;
;snake;inyoka;;;;
;snow (n.);ikhephu;;;;
;soap (n.);isepha;;;;
;society;uluntu;;;;
;socks;iikawusi;;;;
;soft;ithambileyo;tofotofo;;;
;soldier;ijoni;;;;
;sometimes;ngamanye amaxesha;maxa wambi;;;
;son;unyana;;;;
;soon;kamsinya;msinyane;;;
;as soon as possible;msinyane kangangoko unakho;;;;
;sorry;-lusizi;;;;
painful;sore;-buhlungu;;;;
;soup;isuphu;;;;
;sour (adj.);-muncu;;;;
;south;umzantsi;;;;
;South Africa;uMzantsi Afrika;;;;
;souvenir shop;ivenkile ethengisa izinto zokuzikumbhuza ngendawo;;;;
;spare wheel;ivili lolaleliso;;;;
;speak;-thetha;;;;
;speak slowly;-cothisa;-cothisisa;-zekelela;;
;speaker;isithethi;;;;
;specials;isipeshali;;;;
;spectacles;iindondo;;;;
;speed (n.);isantya;;;;
;spend (money);,-chitha;;;;
;spices;izinongo;;;;
;spine;umqolo;;;;
;spoon;icephe;;;;
;sport;imidlalo;;;;
;spring (n.);intwasahlobo;;;;
;staff;abasebenzi;;;;
;stand up ;-phakama;;;;
;start (a car)(v.);-qhwitha;;;;
;station;isitishi;;;;
;stay (behind)(v.);-hlala;;;;
;stay (in sense of remain);-sala;;;;
;steal ;-ba;;;;
;stolen;ibiwe;;;;
;stick (n.);uluthi;;;;
;stomach;isisu;;;;
;stone;ilitye;;;;
;stop;-ma;;;;
;stove;isitovu;;;;
;straight ahead;ngqo;;;;
;straight up;nkqo;;;;
;stream;umfula;;;;
;street;isitalato;;;;
;strong;-omeleleyo;-namandla;;;
;strongly;ngamandla;;;;
;stuck;,-xingile;;;;
;student;umfundi;;;;
;suddenly;ngesiquphe;;;;
;sugar;iswekile;;;;
;suitable;-fanelekileyo;;;;
;summer;ihlobo;;;;
;in summer;ehlotyeni;;;;
;sun;ilanga;;;;
;in the sun;elangeni;;;;
;sunrise;ukuphuma kwelanga;;;;
;sunset;ukutshona kwelanga;;;;
;supper;isidlo sangokuhlwa;idinala;;;
;support (v.);-xhasa;;;;
;support (n.);inkxaso;;;;
;surname;ifani;;;;
;sweet;-mnandi;;;;
;swim;-dada;;;;
;swimming pool;ichibi lokudada;;;;
;table;itafile;;;;
;take;-thatha;;;;
;take time;thatha ixesha;;;;
;take photos;-fota;;;;
;tar;itha;;;;
;tarred road;indlela yetha;;;;
;taxi;iteksi;;;;
;tea;iti;;;;
;teacher;utitshala;utitshalakazi;;;
;teaspoon;itispuni;;;;
;telephone;umnxeba;ifono;ifowuni;;
;tell somebody;-xelela;;;;
;ten;ishumi;;;;
;thank (v.);-bulela;;;;
;thanks (very much)!;enkosi kakhulu;;;;
;that (conj.);ukuba;;;;
;then ;ngoko;;;;
;there;apho;;;;
;over there;phaya;;;;
;therefore;nogko ke;;;;
;thief;isela;;;;
;thin;-bhityile;;;;
;thing;into;;;;
;think (v.);-cinga;;;;
;thirsty;-nxaniwe;;;;
;three;-thathu;;;;
;throat;umqala;;;;
;throw away (v.);-lahla;;;;
;thunder (v.);-duduma;;;;
;thunder (n.);indudumo;;;;
;ticket;itikiti;;;;
;tide, high;amaza ayakhula;;;;
;tide, low;amaza ayathotha;;;;
;time;ixesha;;;;
;in time;ngexesha;;;;
;what is the time?;ngubani ixesha?;lithini ixesha?;;;
;at what time?;ngabani ixesha;;;;
;tired;-diniwe;;;;
;tired, become;-dinwa;;;;
;today;namhlanje;;;;
;toe;uzwane;;;;
;together (with);kunye (na-);;;;
;toilet;indlu yangasese;;;;
;toilet paper;iphepha lokusula;;;;
;tomato;itumato;;;;
;tomorrow;ngomso;;;;
;tongue;ulwimi;;;;
;tonight;namhlanje ngokuhlwa;;;;
;too;gqitha;;;;
;tools;izixhobo;;;;
;tooth;izinyo;;;;
;toothbrush;ibrashi yokucoca amazinyo;;;;
;toothpaste;intlama yamazinyo;;;;
;torch;ithotshi;;;;
;totter along;totoba;;;;
;tour (v.);-khenketha;;;;
;tour (n.);-khenkhetho;;;;
;tourist;umkhenkhethi;;;;
;tow (v.);-tsala;;;;
;tow for;tsalela;;;;
;towel;itawuli;;;;
;town;idolophu;;;;
lore;tradtion;isiNtu;;;;
;traffic;izithuthi;;;;
;traffic officer;igosa lendlela;;;;
;train;uloliwe;;;;
;transaport (public);izithuthu;;;;
;travel(ling)(n.);ukuhamba;;;;
;trip;uhambo;;;;
;have a good trip!;ndlela ntle!;;;;
;tree;umthi;;;;
;trousers;ibhulukhwe;;;;
;try (v.);-zama;;;;
;two ;-bini;;;;
;type;uhlobo;;;;
;tyre;ivili;;;;
;ugly;-bi;;;;
;umbrella;isambreni;;;;
;under (prep.);-phantsi kwa;;;;
;understand;-qonda;;;;
;unfortunately;ngelishwa;;;;
;university;iyunivesithi;;;;
;up;phezulu;;;;
;use (v.);-sebenza;;;;
;useful;-noncedo;;;;
it's no use;useless;akuncedi nto;;;;
;usually;ngesiqhelo;;;;
;valuables;izinto zexabiso;;;;
;vegetables;imifuno;;;;
;fresh vegetables;imifuno emitsha;;;;
;vehicle;imoto;;;;
;very;kakhulu;;;;
;village (rural);ilali;;;;
;visit (v.);-hambela;;;;
;visitor;undwendwe;;;;
;wait (for)(v.);-linda;;;;
;wake up;-vuka;;;;
;wake (v.trans);-vusa;;;;
;walk (v.);-hamba;;;;
;wall;udonga;;;;
;wallet;isipaji;;;;
;want;-funa;;;;
;warm;-fudumele;;;;
;warm, become;-fudumala;;;;
;wash (v.);-hlamba;;;;
;watch (v.);umabona-kade;;;;
;water (n.);amanzi;;;;
;wave (n.);iliza;;;;
;way;indlela ;;;;
;by the way;kanene;;;;
;which way?;ngaphi?;kweliphi icala?;;;
;we;si-;;;;
;weak;-tyhafa;;;;
;weather;imozulu;izulu;;;
;weather forecast;uqikelelo lwemozulu;;;;
;week;iveki;;;;
;last week;kwiveki ephelileyo;;;;
;next week;kwiveki ezayo;;;;
;weekend;impela-veki;;;;
;welcome!;Wamkelekile;;;;
;well (Adj.);-phila;;;;
;well (adv.);kakuhle;;;;
;west;intshonalanga;;;;
;in the west;entshonalanga;;;;
;wet (adj.);,-manzi;;;;
;what?;ntoni?;-ni;;;
;wheel;ivili;;;;
;when (conj.);xa;;;;
;when?;nini?;;;;
;where?;phi?;;;;
;where exactly?;ndawoni kanye?;;;;
;white;-mhlophe;;;;
;who ;-bani;;;;
;why?;kutheni?;ngoba?;;;
;wide;-banzi;;;;
;wife;inkosikazi;;;;
;wind (n.);umoya;;;;
;window;ifestile;;;;
;windy;-vuthuza;;;;
;wine;iwayini;;;;
;winter;ubusika;;;;
;in winter;ebusika;;;;
;wipe clean (v.);-sula;;;;
;wish (v.);,-nqwenelela;;;;
;wish (n.);umqweno;;;;
;with ;na, ne, no;;;;
;with you;nawe;;;;
;without;ngaphandle kwa-;;;;
;woman;ibhinqa;umfazi;;;
;wood;iinkuni;;;;
;wool;uboya;;;;
;word;igama;;;;
;work (v.);-sebenza;;;;
;work (n.);umsebenzi;;;;
;worker;umsebenzi;;;;
;world;ilizwe;ihlabathi;;;
;worried;,-khathazwa;-khathazeka;;;
;worry;-khathaza;;;;
cost;worth;,-biza;;;;
;write;-bhala;;;;
;write down;-bhala phantsi;;;;
;Xhosa language;isiXhosa;;;;
;Xhosa person;umXhosa;;;;
;Xhosa people;amaXhosa;;;;
;Xhosaness;ubuXhosa;;;;
;year;unyaka;umnyaka;;;
;yellow;lubhelu;;;;
;yes;ewe;;;;
;yesterday;izolo;;;;
;you (sg.);u-;;;;
;you (pl.);ni-;;;;
;young;-tsha;;;;
;young man;umfana;;;;
;young of an animal;ithole;;;;
;youth;ulutsha;;;;
;zebra;iqwarhashe;;;;
